CODE_SITE;CODE_CELLULE;TYPE_CELLULE;VENTILATION;CAPACITE
D700;M000;;OUI;0
D700;M001;;OUI;100
D700;M002;;OUI;100
D700;M003;;OUI;100
D700;M004;;OUI;100
D700;M005;;OUI;100
D700;M006;;OUI;100
D700;M007;;OUI;100
D700;M008;;OUI;100
D700;M701;Béton;;1000
D700;M702;Béton;;800
D701;M000;;;0
D701;M001;Type_privé;OUI;1500
D701;M002;Type_privé;OUI;1500
D701;M101;;;12
D701;M102;;;15
D702;M000;;;0
D702;M001;Béton;OUI;1250
D702;M002;Béton;OUI;1250
D702;M003;Béton;OUI;1250
D702;M004;Béton;OUI;1250
D702;M101;;;50
D702;M102;;;50
D702;M103;;;50
D702;M104;;;51
D704;C01;Cellule_Metal_Fond_plat;;200
D704;C02;Cellule_Metal_Fond_plat;;600
D704;C03;Cellule_Metal_Fond_plat;;600
D704;C04;Cellule_Metal_Fond_plat;;600
D704;C05;Cellule_Metal_Fond_conique;;180
D704;C06;Cellule_Metal_Fond_plat;;100
D708;M000;;OUI;0
D708;M701;;;180
D708;M702;;;120
D402;M000;;;0
D402;M001;Béton;OUI;800
D402;M002;Béton;OUI;800
D402;M003;Béton;OUI;800
D402;M004;Béton;OUI;800
D402;M101;;;25
D402;M102;;;25
D402;M103;;OUI;70
D402;M104;;OUI;70
D402;M105;;OUI;70
D402;M106;;OUI;70
D402;M107;;OUI;70
D402;M108;;OUI;70
D631;M000;;;0
D631;M011;Type_privé;OUI;2000
D631;M012;Type_privé;OUI;2000
D631;M013;Type_privé;OUI;2000
D631;M014;Type_privé;OUI;2000
D631;M101;;;60
D631;M102;;;200
D631;M103;;;200
D631;M104;;;200
D631;M105;;;200
D631;M106;;;120
D631;M107;;;60
D631;M401;Béton;OUI;9500
D631;M402;Béton;OUI;9500
D631;M403;Béton;OUI;2500
D631;M404;Béton;OUI;2500
D631;M405;Béton;OUI;2500
D631;M406;Béton;OUI;2500
D631;M407;;;300
D633;M000;;;0
D633;M001;;OUI;150
D633;M002;;OUI;200
D633;M003;;OUI;200
D633;M004;;OUI;250
D633;M005;Type_privé;OUI;250
D633;M006;Type_privé;OUI;250
D633;M007;Type_privé;OUI;250
D633;M008;Type_privé;OUI;250
D633;M009;Type_privé;OUI;250
D633;M010;Type_privé;OUI;250
D633;M011;Type_privé;OUI;250
D633;M012;Type_privé;OUI;200
D633;M013;Type_privé;OUI;200
D633;M014;Type_privé;OUI;150
D633;M021;;OUI;1200
D633;M022;;OUI;1200
D633;M023;;OUI;1200
D633;M024;Béton;OUI;1200
D633;M025;Béton;OUI;1200
D633;M026;Béton;OUI;1200
D633;M127;;;270
D633;M128;;;160
D633;M129;;;320
D633;M130;;;160
D633;M301;;;50
D633;M302;;;50
D633;M303;;;50
D633;M304;;;50
D633;M305;;;50
D633;M306;;;50
D651;M000;;;0
D651;M001;Béton;OUI;1000
D651;M002;Béton;OUI;1000
D651;M003;Béton;OUI;1000
D651;M004;Béton;OUI;1000
D651;M101;;;25
D651;M102;;;100
D651;M103;;;100
D651;M401;;OUI;8000
D651;M402;;OUI;8000
D651;M403;;OUI;8000
D651;M404;;OUI;8000
D654;M000;;;0
D654;M301;;OUI;200
D654;M302;;OUI;200
D654;M303;;OUI;200
D654;M304;;OUI;250
D654;M305;;OUI;500
D654;M306;;OUI;150
D654;M307;;OUI;150
D654;M308;;OUI;150
D654;M309;;OUI;150
D654;M310;;OUI;500
D657;M000;;;0
D657;M001;Type_privé;OUI;700
D657;M002;Type_privé;OUI;700
D657;M003;Type_privé;OUI;1000
D657;M004;Type_privé;OUI;1000
D657;M005;Type_privé;OUI;1300
D657;M006;Type_privé;OUI;1300
D657;M007;Type_privé;OUI;1300
D657;M008;Type_privé;OUI;3200
D657;M101;;;20
D657;M102;;;90
D657;M103;;OUI;250
D657;M104;;OUI;350
D657;M401;;;150
D657;M402;;;250
D657;M403;;;150
D658;M000;;OUI;0
D658;M001;Type_privé;OUI;900
D658;M002;Type_privé;OUI;900
D658;M003;Type_privé;OUI;900
D658;M101;;;50
D658;M102;;;50
D658;M401;;;500
D658;M402;;;200
D666;M000;;OUI;0
D666;M001;;OUI;200
D666;M002;;OUI;200
D666;M101;;;25
D666;M102;;;25
D666;M103;;;15
D666;M104;;;20
D666;M301;;OUI;90
D666;M303;;OUI;60
D666;M304;;OUI;60
D666;M306;;OUI;120
D666;M321;;OUI;120
D666;M401;;OUI;200
D666;M402;;OUI;400
D666;M403;;OUI;200
D667;M000;;;0
D667;M001;Type_privé;OUI;1500
D667;M002;Type_privé;OUI;1500
D667;M003;Type_privé;OUI;500
D667;M004;Type_privé;OUI;500
D667;M005;Type_privé;OUI;200
D667;M101;;;30
D667;M102;;;30
D667;M301;;;200
D667;M302;;;200
D667;M303;;;500
D669;M000;;;0
D669;M001;Palplanche;OUI;2900
D669;M002;Palplanche;OUI;2900
D669;M003;Palplanche;OUI;2900
D669;M004;Palplanche;OUI;2900
D669;M101;;;100
D669;M102;;;100
D669;M103;;;100
D669;M104;;;100
D669;M301;;OUI;200
D669;M302;;OUI;200
D669;M303;;OUI;200
D669;M304;;OUI;200
D669;M305;;OUI;200
D672;M000;;;0
D672;M001;Béton;OUI;150
D672;M002;Béton;OUI;150
D672;M003;Béton;OUI;150
D672;M004;Béton;OUI;150
D672;M005;Béton;OUI;150
D672;M006;Béton;OUI;150
D672;M101;;;30
D672;M102;;;20
D672;M301;;;100
D672;M302;;;50
D672;M303;;;15
D673;M000;;;0
D673;M001;Type_privé;OUI;850
D673;M002;Type_privé;OUI;850
D673;M101;;;20
D673;M102;;;20
D673;M301;;;150
D673;M302;;;150
D673;M303;;;150
D675;M000;;;0
D001;M000;;;0
D001;M001;Béton;OUI;500
D001;M002;Béton;OUI;500
D001;M101;Palplanche;;50
D001;M201;;;70
D001;M301;;;80
D001;M302;;;80
D001;M303;;;80
D001;M304;;;80
D001;M305;;;80
D001;M306;;;80
D001;M307;;;80
D012;M000;;;0
D012;M001;Béton;OUI;800
D012;M002;Béton;OUI;800
D012;M003;Béton;OUI;800
D012;M004;Béton;OUI;800
D012;M005;Béton;OUI;800
D012;M006;Béton;OUI;800
D012;M007;Béton;OUI;800
D012;M008;Béton;OUI;800
D012;M009;Béton;OUI;800
D012;M010;Béton;OUI;800
D012;M011;Béton;OUI;800
D012;M012;Béton;OUI;800
D012;M013;Béton;OUI;4000
D012;M014;Béton;OUI;4000
D012;M101;;;30
D012;M102;;;30
D012;M103;;;100
D012;M104;;;100
D012;M111;Béton;OUI;200
D012;M112;Béton;OUI;200
D012;M113;Béton;OUI;200
D012;M114;Béton;OUI;200
D012;M201;Béton;OUI;100
D012;M202;Béton;OUI;100
D012;M203;Béton;OUI;100
D012;M204;Béton;OUI;100
D012;M205;Béton;OUI;100
D012;M206;Béton;OUI;100
D012;M207;Béton;OUI;100
D012;M208;Béton;OUI;100
D012;M209;Béton;OUI;100
D012;M210;Béton;OUI;100
D012;M211;Béton;OUI;100
D012;M212;Béton;OUI;100
D012;M213;Béton;OUI;100
D012;M214;Béton;OUI;100
D012;M215;Béton;OUI;100
D012;M216;Béton;OUI;100
D012;M217;Béton;OUI;100
D012;M218;Béton;OUI;100
D012;M301;;OUI;200
D012;M302;;OUI;120
D012;M303;;OUI;120
D012;M304;;OUI;120
D012;M305;;OUI;50
D012;M306;;OUI;50
D012;M307;;OUI;50
D012;M308;;OUI;50
D012;M701;;;400
D013;M000;;;0
D013;M701;;;2000
D013;M702;;;1000
D031;M000;;;0
D031;M001;Béton;OUI;500
D031;M002;Béton;OUI;500
D031;M102;Palplanche;;120
D031;M103;Palplanche;;150
D031;M201;;;75
D031;M301;Béton;;60
D031;M302;Béton;;60
D031;M303;Béton;;60
D031;M304;Béton;;60
D031;M305;Béton;;60
D031;M306;Béton;;60
D031;M307;Béton;;60
D031;M401;;OUI;9000
D032;M000;;;0
D032;M101;Palplanche;;40
D032;M102;Palplanche;;40
D032;M103;Palplanche;;40
D032;M104;Palplanche;;40
D033;M000;;;0
D033;M101;Palplanche;;40
D033;M102;Palplanche;;40
D033;M103;Palplanche;;50
D033;M104;Palplanche;;50
D033;M701;;;200
D038;M000;;;0
D038;M101;Palplanche;;80
D038;M102;Palplanche;;80
D038;M103;Palplanche;;80
D038;M104;Palplanche;;80
D038;M301;Béton;;100
D038;M302;Béton;;100
D038;M303;Béton;;100
D038;M304;Béton;;100
D038;M305;Béton;;100
D038;M701;;;150
D041;M000;;;0
D041;M101;Palplanche;;80
D041;M102;Palplanche;;80
D041;M103;Palplanche;;80
D041;M104;Palplanche;;80
D041;M301;;;100
D041;M302;;;100
D041;M303;;;100
D041;M304;;;100
D041;M305;;;100
D041;M306;;;100
D041;M701;;;200
D049;M000;;;0
D049;M101;Palplanche;;30
D049;M102;Palplanche;;30
D049;M103;Palplanche;;30
D049;M104;Palplanche;;30
D049;M105;Palplanche;;30
D049;M106;Palplanche;;30
D049;M107;Palplanche;;30
D049;M108;Palplanche;;30
D049;M301;;;100
D049;M302;;;100
D049;M303;;;100
D049;M304;;;100
D049;M305;;;100
D049;M306;;;100
D049;M307;;;100
D049;M701;;;1000
D063;M000;;;0
D063;M003;Type_privé;OUI;3000
D063;M004;Palplanche;OUI;120
D063;M005;Palplanche;OUI;0
D063;M101;;;50
D063;M102;;;50
D063;M701;;;1000
D068;M000;;;0
D068;M301;;;100
D068;M302;;;100
D068;M701;;;2000
D074;M000;;;0
D074;M301;;;100
D074;M302;;;100
D074;M303;;;100
D074;M304;;;100
D074;M305;;;100
D074;M701;;;2000
D507;M000;;;0
D507;M701;;;2000
D510;M000;;;0
D510;M701;;;1000
D511;M000;;;0
D511;M001;Palplanche;OUI;200
D511;M002;Palplanche;OUI;200
D511;M003;Palplanche;OUI;1200
D511;M004;Palplanche;OUI;1200
D511;M005;Palplanche;OUI;1200
D511;M006;Palplanche;OUI;1200
D511;M007;Type_privé;OUI;3000
D511;M008;Type_privé;OUI;3000
D511;M101;Palplanche;;30
D511;M102;Palplanche;;30
D511;M301;;;50
D511;M302;;;50
D511;M303;;;50
D511;M701;;;500
D512;M000;;;0
D512;M001;Type_privé;OUI;1000
D512;M002;Type_privé;OUI;1000
D512;M003;Type_privé;OUI;1000
D512;M004;Type_privé;OUI;1000
D512;M101;;;90
D512;M102;;;60
D512;M301;;;80
D512;M302;;;80
D512;M303;;;80
D512;M304;;;80
D512;M305;;;80
D512;M306;;;80
D512;M401;;OUI;200
D512;M402;;OUI;100
D512;M701;;;300
D512;M702;;;100
D524;M000;;;0
D524;M701;;;1500
D053;M000;;OUI;0
D053;M101;;;30
D053;M102;;;30
D053;M103;;;40
D053;M301;;;100
D053;M302;;;100
D053;M303;;;100
D053;M304;;;100
D053;M305;;;100
D053;M306;;;100
D053;M307;;;100
D053;M308;;;100
D053;M309;;;100
D053;M310;;;100
D053;M311;;;500
D053;M401;;;1500
D514;M000;;OUI;0
D514;M401;;OUI;90
D514;M402;;OUI;90
D514;M403;;OUI;90
D514;M404;;OUI;90
D519;M000;;;0
D519;M001;Palplanche;OUI;270
D519;M002;Palplanche;OUI;270
D519;M003;Palplanche;OUI;270
D519;M004;Palplanche;OUI;270
D519;M005;Palplanche;OUI;270
D519;M006;Palplanche;OUI;270
D519;M007;Palplanche;OUI;270
D519;M008;Palplanche;OUI;270
D519;M009;Palplanche;OUI;540
D519;M010;Palplanche;OUI;540
D519;M011;Type_privé;OUI;1400
D519;M012;Type_privé;OUI;1400
D519;M013;Type_privé;OUI;1400
D519;M014;Type_privé;OUI;4000
D519;M101;;;30
D519;M102;;;30
D519;M301;;OUI;150
D519;M302;;OUI;150
D519;M303;;OUI;150
D519;M304;;OUI;0
D519;M305;;OUI;0
D519;M306;;OUI;0
D519;M701;;;2000
D617;M000;;;0
D617;M301;;;200
D617;M302;;;200
D617;M303;;;400
D617;M304;;;200
D617;M305;;;200
D641;M003;Type_privé;OUI;3500
D641;M004;Type_privé;OUI;3500
D641;M005;Type_privé;OUI;3500
D641;M006;;OUI;50
D641;M007;;OUI;50
D641;M008;;OUI;50
D641;M101;;OUI;150
D641;M102;;OUI;150
D641;M103;;OUI;50
D641;M104;;OUI;50
D641;M301;;OUI;90
D641;M302;;OUI;90
D641;M303;;OUI;90
D641;M401;;OUI;2000
D641;M402;;OUI;2000
D641;M403;;OUI;500
D642;M000;;;0
D642;M001;Béton;;650
D642;M002;Béton;OUI;850
D642;M003;Béton;OUI;850
D642;M004;Béton;OUI;850
D642;M101;;;60
D642;M102;;;60
D642;M301;;;35
D642;M302;;;35
D642;M303;;;35
D642;M304;;;35
D642;M305;;;35
D642;M306;;;35
D642;M701;;;1000
D642;M702;;;450
D642;M703;;;450
D643;M000;;;0
D643;M001;Type_privé;OUI;1500
D643;M002;Type_privé;OUI;1500
D643;M003;Type_privé;OUI;2500
D643;M004;Type_privé;OUI;2500
D643;M101;;OUI;65
D643;M102;;OUI;65
D643;M301;;OUI;1000
D643;M302;;OUI;500
D643;M303;;OUI;100
D643;M304;;OUI;60
D643;M305;;OUI;60
D643;M306;;OUI;80
D644;M000;;;0
D644;M001;Palplanche;OUI;110
D644;M002;Palplanche;OUI;110
D644;M003;Palplanche;OUI;180
D644;M004;Palplanche;OUI;180
D644;M005;;;300
D644;M006;;;300
D644;M007;Type_privé;OUI;1000
D644;M008;Type_privé;OUI;1000
D644;M301;;OUI;60
D644;M302;;OUI;60
D644;M303;;OUI;60
D644;M304;;OUI;60
D644;M401;;OUI;800
D644;M402;;OUI;400
D645;M000;;;0
D645;M001;Type_privé;OUI;200
D645;M002;Type_privé;OUI;200
D645;M003;Type_privé;OUI;1500
D645;M004;Type_privé;OUI;1500
D645;M101;;;40
D645;M102;;;40
D645;M301;;;120
D645;M302;;;60
D645;M303;;;60
D645;M701;;;500
D646;M000;;OUI;0
D646;M301;;OUI;70
D646;M302;;OUI;70
D646;M303;;OUI;70
D646;M304;;OUI;70
D646;M701;;;800
D646;M702;;;150
D646;M703;;;50
D647;M000;;;0
D647;M001;Type_privé;OUI;1300
D647;M002;Type_privé;OUI;1300
D647;M101;;;30
D647;M304;;;250
D649;M000;;;0
D649;M101;;;40
D649;M301;;;15
D649;M302;;;15
D649;M303;;;15
D649;M401;;;400
D653;M000;;;0
D653;M001;Type_privé;OUI;1500
D653;M101;;;45
D653;M102;;;45
D653;M401;;;300
D653;M402;;;300
D653;M403;;;300
D653;M404;;;500
D656;M000;;;0
D670;M000;;;0
D670;M301;;;1000
D670;M302;;;1000
D670;M303;;;750
D670;M304;;;300
D058;M000;;;0
D058;M021;Palplanche;OUI;150
D058;M022;Palplanche;OUI;300
D058;M023;Palplanche;OUI;300
D058;M024;Palplanche;OUI;300
D058;M025;Palplanche;OUI;150
D058;M026;Palplanche;OUI;300
D058;M027;Palplanche;OUI;300
D058;M028;Palplanche;OUI;300
D058;M031;Palplanche;OUI;300
D058;M032;Palplanche;OUI;300
D058;M033;Palplanche;OUI;600
D058;M034;Palplanche;OUI;600
D058;M035;Palplanche;OUI;600
D058;M036;Palplanche;OUI;600
D058;M037;Palplanche;OUI;600
D058;M038;Palplanche;OUI;600
D058;M130;;OUI;40
D058;M401;;;0
D061;C01;Cellule_Beton_Fond_conique;;6000
D061;C01;Cellule_Beton_Fond_conique;;6000
D061;C01;Cellule_Beton_Fond_conique;;6000
D061;C01;Cellule_Beton_Fond_conique;;6000
D061;C01;Cellule_Beton_Fond_conique;;6000
D061;C01;Cellule_Beton_Fond_conique;;6000
D061;C01;Cellule_Beton_Fond_conique;;6000
D061;C01;Cellule_Beton_Fond_conique;;2500
D061;C01;Cellule_Beton_Fond_conique;;2500
D061;C01;Cellule_Beton_Fond_conique;;2500
D061;C01;Cellule_Beton_Fond_conique;;2500
D061;C01;Cellule_Beton_Fond_conique;;1300
D061;C02;Cellule_Beton_Fond_conique;;1300
D061;C03;Cellule_Beton_Fond_conique;;1300
D061;C04;Cellule_Beton_Fond_conique;;1300
D061;C05;Cellule_Beton_Fond_conique;;1300
D061;C06;Cellule_Beton_Fond_conique;;1300
D061;C07;Cellule_Beton_Fond_conique;;1300
D061;C08;Cellule_Beton_Fond_conique;;1300
D120;M000;;;0
D120;M701;;;200
D150;C01;;;500
D150;C01;;;500
D151;C01;Plateforme_couverte;;6000
D153;M401;Plateforme_couverte;;2500
D153;M402;Plateforme_couverte;;1500
D300;C01;Cellule_Beton_Fond_conique;;6000
D300;C01;Cellule_Beton_Fond_conique;;6000
D300;C01;Cellule_Beton_Fond_conique;;6000
D300;C01;Cellule_Beton_Fond_conique;;6000
D300;C01;Cellule_Beton_Fond_conique;;6000
D300;C01;Cellule_Beton_Fond_conique;;6000
D300;C01;Cellule_Beton_Fond_conique;;6000
D300;C01;Cellule_Beton_Fond_conique;;2000
D300;C01;Cellule_Beton_Fond_conique;;2000
D300;C01;Cellule_Beton_Fond_conique;;2000
D300;C01;Cellule_Beton_Fond_conique;;2000
D300;C01;Cellule_Beton_Fond_conique;;2000
D302;C01;Plateforme_int;;2500
D302;C01;Plateforme_int;;2500
D302;C01;Plateforme_int;;2500
D302;C01;Plateforme_int;;2500
D302;C01;Plateforme_int;;2500
D302;C01;Plateforme_int;;2500
D302;C01;Plateforme_int;;2500
D302;C01;Plateforme_int;;1500
D302;C01;Plateforme_int;;1500
D302;C01;Plateforme_int;;1500
D302;C01;Plateforme_int;;1500
D302;C01;Plateforme_int;;1500
D303;C01;Cellule_Beton_Fond_conique;;5000
D303;C01;Cellule_Beton_Fond_conique;;5000
D303;C01;Cellule_Beton_Fond_conique;;5000
D303;C01;Cellule_Beton_Fond_conique;;700
D304;C01;Cellule_Beton_Fond_conique;;1500
D304;C02;Cellule_Beton_Fond_conique;;1500
D304;C03;Cellule_Beton_Fond_conique;;1500
D304;C04;Plateforme_int;;9200
D304;C05;Plateforme_int;;9200
D304;C06;Plateforme_int;;9200
D305;C01;;;2400
D305;C01;;;2400
D305;C01;;;2400
D310;C01;Cellule_Beton_Fond_conique;;5000
D310;C01;Cellule_Beton_Fond_conique;;5000
D310;C01;Cellule_Beton_Fond_conique;;5000
D310;C01;Cellule_Beton_Fond_conique;;1500
D310;C01;Cellule_Beton_Fond_conique;;1500
D310;C01;Cellule_Beton_Fond_conique;;1500
D310;C01;Cellule_Beton_Fond_conique;;1500
D310;C01;Cellule_Beton_Fond_conique;;1000
D314;C01;Plateforme_int;;5000
D314;C01;Plateforme_int;;5000
D314;C01;Plateforme_int;;5000
D314;C01;Plateforme_int;;5500
D314;C01;Plateforme_int;;5000
D314;C01;Plateforme_int;;5000
D314;C01;Plateforme_int;;2500
D314;C01;Plateforme_int;;2500
D314;C01;Plateforme_int;;1500
D314;C02;Plateforme_int;;1500
D314;C03;Plateforme_int;;1500
D314;C04;Plateforme_int;;1500
D314;C05;Plateforme_int;;1500
D314;C06;Plateforme_int;;1500
D316;C01;Plateforme_int;;4400
D316;C02;Plateforme_int;;4400
D316;C03;Plateforme_int;;4400
D316;C04;Plateforme_int;;4400
D316;C05;Plateforme_int;;4400
D316;C06;Plateforme_int;;4400
D316;C07;Plateforme_int;;4400
D457;M301;;OUI;75
D457;M302;;OUI;75
D457;M303;;OUI;75
D457;M304;;OUI;75
D509;M000;;;0
D509;M701;;;600
D525;M001;;OUI;300
D525;M002;;OUI;300
D525;M003;;OUI;300
D525;M004;;OUI;300
D525;M005;;OUI;300
D525;M006;;OUI;300
D525;M007;;OUI;300
D525;M008;;OUI;300
D525;M101;;OUI;27
D525;M301;;;180
D525;M302;;;180
D525;M303;;;180
D525;M304;;;100
D525;M305;;;100
D525;M306;;;100
D619;M302;;OUI;70
D619;M303;;OUI;70
D619;M304;;OUI;70
D640;M000;;;0
D663;M000;;;0
D668;M008;;OUI;1000
D668;M101;;OUI;25
D668;M301;;OUI;60
D668;M302;;OUI;60
D668;M303;;OUI;60
D668;M304;;OUI;140
D668;M407;;OUI;100
D100;M000;;;0
D100;M101;;;70
D100;M102;;;70
D100;M103;;;70
D100;M401;;;1500
D102;M000;;;0
D102;M001;Palplanche;OUI;400
D102;M002;Palplanche;OUI;400
D102;M003;Palplanche;OUI;400
D102;M004;Palplanche;OUI;400
D102;M005;Palplanche;OUI;400
D102;M006;Palplanche;OUI;400
D102;M007;Palplanche;OUI;600
D102;M008;Palplanche;OUI;600
D102;M009;Palplanche;OUI;600
D102;M010;Palplanche;OUI;600
D102;M011;Palplanche;OUI;600
D102;M012;Palplanche;OUI;600
D102;M013;Palplanche;OUI;600
D102;M014;Palplanche;OUI;600
D102;M015;Palplanche;OUI;600
D102;M016;Palplanche;OUI;600
D102;M017;Palplanche;OUI;600
D102;M018;Palplanche;OUI;600
D102;M019;Palplanche;OUI;400
D102;M020;Palplanche;OUI;400
D102;M021;Palplanche;OUI;400
D102;M022;Palplanche;OUI;400
D102;M023;Palplanche;OUI;600
D102;M024;Palplanche;OUI;600
D102;M101;Palplanche;OUI;100
D102;M102;Palplanche;OUI;100
D102;M103;Palplanche;OUI;100
D102;M104;Palplanche;OUI;25
D102;M105;Palplanche;OUI;25
D102;M106;Palplanche;OUI;100
D102;M301;Béton;;80
D102;M302;Béton;;80
D102;M303;Béton;;80
D102;M304;Béton;;80
D102;M305;Béton;;80
D106;M000;;;0
D106;M101;Palplanche;;100
D106;M102;Palplanche;;25
D106;M103;Palplanche;;25
D106;M104;Palplanche;;25
D106;M105;Palplanche;;25
D106;M701;;;400
D107;M000;;;0
D107;M001;Béton;OUI;900
D107;M002;Béton;OUI;1000
D107;M003;Béton;OUI;1000
D107;M004;Béton;OUI;1000
D107;M005;Béton;OUI;1000
D107;M101;Béton;;40
D107;M102;Béton;;40
D107;M201;Béton;;180
D107;M202;Béton;;180
D107;M301;;;50
D107;M302;;;50
D107;M401;;;1300
D202;M000;;;0
D202;M001;Palplanche;OUI;125
D202;M002;Palplanche;OUI;125
D202;M003;Palplanche;OUI;250
D202;M004;Palplanche;OUI;250
D202;M005;Palplanche;OUI;250
D202;M006;Palplanche;OUI;250
D202;M007;Palplanche;OUI;250
D202;M008;Palplanche;OUI;250
D202;M009;Palplanche;OUI;250
D202;M010;Palplanche;OUI;1000
D202;M101;Palplanche;;30
D202;M102;Palplanche;;30
D202;M301;Béton;;100
D202;M302;Béton;;100
D202;M303;Béton;;100
D202;M304;Béton;;100
D210;M000;;;0
D210;M301;;;80
D210;M302;;;80
D210;M303;;;80
D210;M304;;;80
D210;M305;;;80
D210;M306;;;80
D210;M401;;;1000
D212;M000;;;0
D212;M001;Béton;OUI;400
D212;M002;Béton;OUI;400
D212;M101;Béton;;50
D212;M102;Béton;;80
D212;M103;Béton;;80
D212;M301;;;80
D212;M302;;;80
D212;M303;;;80
D212;M304;;;80
D212;M701;;;1000
D214;M000;;;0
D214;M003;Palplanche;OUI;500
D214;M004;Palplanche;OUI;500
D214;M005;Palplanche;OUI;250
D214;M006;Palplanche;OUI;250
D214;M007;Palplanche;OUI;350
D214;M008;Palplanche;OUI;350
D214;M009;Palplanche;OUI;500
D214;M010;Palplanche;OUI;500
D214;M011;Palplanche;OUI;500
D214;M012;Palplanche;OUI;500
D214;M013;Palplanche;OUI;500
D214;M014;Palplanche;OUI;500
D214;M101;Palplanche;;25
D214;M102;Palplanche;;25
D214;M108;Palplanche;;60
D214;M109;Palplanche;;60
D214;M701;;;1500
D225;M000;;;0
D225;M001;Palplanche;;140
D225;M002;Palplanche;;140
D225;M101;Palplanche;;140
D225;M102;Palplanche;;140
D225;M103;Palplanche;;50
D225;M104;Palplanche;;50
D411;M001;Béton;OUI;750
D411;M002;Béton;OUI;750
D411;M003;Béton;OUI;750
D411;M004;Béton;OUI;750
D411;M005;Béton;OUI;500
D411;M006;Béton;OUI;500
D411;M101;Palplanche;;120
D411;M102;Palplanche;;120
D411;M103;Palplanche;;120
D411;M104;Palplanche;;120
D411;M105;Palplanche;;20
D411;M106;Palplanche;;20
D411;M201;Béton;OUI;60
D411;M202;Béton;OUI;60
D411;M203;Béton;OUI;60
D411;M204;Béton;OUI;60
D411;M205;Béton;OUI;60
D411;M206;Béton;OUI;60
D411;M207;Béton;OUI;80
D411;M208;Béton;OUI;80
D411;M401;;;1000
D416;M000;;;0
D416;M001;Béton;OUI;200
D416;M002;Béton;OUI;200
D416;M003;Béton;OUI;260
D416;M101;Béton;;130
D416;M102;Béton;;100
D416;M103;Béton;;100
D416;M701;;;1700
D464;M000;;;0
D464;M301;;;60
D464;M302;;;60
D464;M303;;;60
D464;M304;;;60
D464;M305;;;75
D464;M306;;;75
D464;M307;;;75
D464;M308;;;75
D464;M309;;;75
D464;M701;;;1500
D003;M000;;;0
D003;M101;Palplanche;;75
D003;M102;Palplanche;;75
D003;M103;Palplanche;;75
D003;M104;Palplanche;;75
D003;M105;Palplanche;;75
D003;M106;Palplanche;;75
D003;M107;Palplanche;;75
D003;M108;Palplanche;;75
D003;M301;;;60
D003;M302;;;60
D003;M303;;;60
D003;M304;;;60
D003;M305;;;60
D003;M306;;;60
D003;M307;;;60
D008;M000;;;0
D008;M001;Béton;OUI;840
D008;M002;Béton;OUI;820
D008;M003;Béton;OUI;250
D008;M004;Béton;OUI;820
D008;M005;Béton;OUI;210
D008;M006;Béton;OUI;950
D008;M007;Béton;OUI;948
D008;M008;Béton;OUI;950
D008;M009;Béton;OUI;950
D008;M102;Béton;;25
D008;M201;Béton;;260
D008;M202;Béton;;260
D008;M301;;;160
D008;M302;;;160
D008;M303;;;160
D008;M304;;;160
D008;M305;;;160
D008;M306;;;160
D008;M307;;;160
D017;M000;;;0
D017;M001;Palplanche;;100
D017;M002;Palplanche;;100
D017;M101;;;50
D017;M102;;;50
D017;M301;;;60
D017;M302;;;60
D017;M303;;;60
D017;M304;;;60
D017;M305;;;60
D017;M306;;;60
D034;M000;;;0
D034;M001;Type_privé;OUI;300
D034;M002;Type_privé;OUI;300
D034;M003;Type_privé;OUI;300
D034;M004;Type_privé;OUI;300
D034;M005;Type_privé;;60
D034;M006;Type_privé;;60
D034;M101;;;25
D040;M000;;;0
D040;M101;Palplanche;;60
D040;M102;Palplanche;;60
D040;M103;Palplanche;;60
D040;M104;Palplanche;;60
D040;M301;;OUI;150
D046;M000;;;0
D046;M401;;;300
D046;M701;;;800
D077;M000;;;0
D077;M007;Palplanche;OUI;600
D077;M008;Palplanche;OUI;600
D077;M101;;;90
D077;M102;;;90
D077;M103;;;90
D077;M104;;;90
D077;M105;;;0
D077;M106;;;0
D077;M401;;OUI;5000
D077;M402;;OUI;1000
D087;M000;;;0
D087;M701;;;1000
D119;M000;;;0
D119;M001;Béton;OUI;500
D119;M002;Béton;OUI;500
D119;M101;Béton;;100
D119;M102;Béton;;120
D119;M201;;;50
D119;M301;;;25
D119;M302;;;25
D119;M303;;;25
D119;M304;;;25
D119;M305;;;25
D119;M306;;;0
D119;M307;;;0
D404;M000;;;0
D404;M001;;OUI;550
D404;M002;;OUI;550
D404;M003;;OUI;550
D404;M004;;OUI;550
D404;M005;Béton;OUI;550
D404;M006;Béton;OUI;550
D404;M007;Béton;OUI;550
D404;M008;Béton;OUI;550
D404;M101;Palplanche;;90
D404;M102;Palplanche;;23
D404;M103;Palplanche;;23
D404;M201;;OUI;50
D404;M202;;OUI;50
D404;M203;;OUI;50
D404;M204;;OUI;50
D404;M205;;OUI;50
D404;M206;;OUI;50
D404;M207;;OUI;50
D404;M208;;OUI;50
D404;M209;;OUI;50
D404;M210;;OUI;50
D404;M211;;OUI;50
D404;M301;;;80
D404;M302;;;80
D404;M303;;;80
D404;M304;;;80
D404;M305;;;80
D404;M306;;;80
D404;M307;;;80
D404;M308;;;80
D419;M000;;;0
D419;M101;;;95
D419;M102;;;95
D419;M103;;;95
D419;M301;;;30
D419;M302;;;30
D419;M303;;;30
D419;M304;;;30
D419;M305;;;30
D419;M701;;;600
D490;M000;;;0
D490;M001;Béton;;1000
D490;M003;Béton;OUI;1000
D490;M004;Béton;OUI;1000
D490;M006;Béton;OUI;1000
D490;M007;Béton;OUI;1000
D490;M009;Béton;OUI;1000
D490;M010;Béton;OUI;1000
D490;M101;Béton;;90
D490;M301;;;100
D490;M302;;;100
D490;M303;;;100
D490;M304;;;100
D490;M305;;;60
D490;M306;;;60
D490;M307;;;60
D635;M000;;;0
D635;M701;;;4000
D105;M000;;;0
D105;M301;;;50
D105;M302;;;50
D105;M303;;;50
D105;M304;;;50
D105;M305;;;50
D105;M306;;;50
D105;M401;;;2000
D105;M701;;;2000
D110;M000;;;0
D110;M001;Béton;OUI;500
D110;M002;Béton;OUI;500
D110;M301;;;60
D110;M302;;;60
D110;M303;;;60
D111;M000;;;0
D111;M001;Palplanche;OUI;320
D111;M002;Palplanche;OUI;320
D111;M003;Palplanche;OUI;650
D111;M004;Palplanche;OUI;650
D111;M005;Palplanche;OUI;650
D111;M006;Palplanche;OUI;650
D111;M007;Palplanche;OUI;650
D111;M008;Palplanche;OUI;650
D111;M101;;;30
D111;M102;;;30
D112;M000;;;0
D112;M001;Type_privé;OUI;600
D112;M002;Type_privé;OUI;600
D112;M003;Type_privé;OUI;600
D112;M004;Type_privé;OUI;600
D112;M005;Type_privé;OUI;600
D112;M006;Type_privé;OUI;600
D112;M101;;;60
D112;M102;;;30
D112;M103;;;120
D112;M104;;;120
D112;M401;;;4500
D114;M000;;;0
D114;M001;Palplanche;OUI;120
D114;M002;Palplanche;OUI;120
D114;M003;Palplanche;OUI;240
D114;M004;Palplanche;OUI;240
D114;M005;Palplanche;OUI;240
D114;M006;Palplanche;OUI;240
D114;M007;Palplanche;OUI;240
D114;M101;;;30
D114;M102;;;50
D114;M103;;;50
D128;M000;;;0
D128;M001;Béton;OUI;500
D128;M002;Béton;OUI;500
D128;M101;Béton;;100
D128;M102;Béton;;120
D128;M201;Béton;;50
D128;M301;;;40
D128;M302;;;40
D205;M000;;;0
D205;M001;Palplanche;OUI;250
D205;M002;Palplanche;OUI;250
D205;M003;Palplanche;OUI;250
D205;M004;Palplanche;OUI;250
D205;M005;Palplanche;OUI;250
D205;M006;Palplanche;OUI;250
D205;M101;;;100
D205;M102;;;100
D205;M103;;;60
D205;M104;;;30
D410;C01;Cellule_Beton_Fond_conique;;650
D410;C02;Cellule_Beton_Fond_conique;;650
D410;C03;Cellule_Beton_Fond_conique;;650
D410;C04;Cellule_Beton_Fond_conique;;650
D410;C05;Cellule_Beton_Fond_conique;;650
D410;C06;Cellule_Beton_Fond_conique;;650
D410;C07;Cellule_Beton_Fond_conique;;650
D410;C08;Cellule_Beton_Fond_conique;;650
D410;C09;Cellule_Beton_Fond_conique;;650
D410;C10;Intercalaire;;200
D410;C11;Intercalaire;;200
D410;C12;Intercalaire;;200
D424;C01;Cellule_Beton_Fond_plat_incliné;;500
D424;C02;Cellule_Beton_Fond_plat_incliné;;500
D424;C03;Cellule_Beton_Fond_plat_incliné;;500
D424;C04;Cellule_Beton_Fond_plat_incliné;;500
D424;C05;Cellule_Beton_Fond_plat_incliné;;500
D424;C06;Cellule_Beton_Fond_plat_incliné;;500
D424;C07;Cellule_Beton_Fond_plat_incliné;;500
D424;C08;Cellule_Beton_Fond_plat_incliné;;500
D424;C09;Cellule_Beton_Fond_plat_incliné;;1500
D424;C10;Cellule_Beton_Fond_plat_incliné;;1500
D424;C11;Cellule_Beton_Fond_plat_incliné;;1500
D424;C12;Cellule_Beton_Fond_plat_incliné;;1500
D424;C13;Cellule_Beton_Fond_plat_incliné;;3500
D424;C14;Cellule_Beton_Fond_plat_incliné;;3500
D609;M001;Palplanche;OUI;400
D609;M002;Palplanche;OUI;400
D609;M003;Palplanche;OUI;1200
D609;M004;Palplanche;OUI;1200
D609;M101;;OUI;120
D609;M102;;OUI;120
D609;M103;;OUI;40
D609;M301;;;60
D609;M302;;;60
D609;M303;;;60
D609;M304;;;60
D609;M305;;;0
D609;M306;;;0
D609;M307;;;0
D609;M308;;;0
D609;M701;;;1000
D609;M702;;;2000
D609;M703;;;200
D610;M000;;;0
D610;M001;Palplanche;OUI;750
D610;M002;Palplanche;OUI;750
D610;M003;Palplanche;OUI;750
D610;M004;Palplanche;OUI;750
D610;M101;;OUI;60
D610;M102;;OUI;30
D610;M103;;OUI;30
D610;M301;;;150
D610;M302;;;150
D610;M303;;;150
D610;M304;;;150
D610;M305;;;150
D610;M701;;;800
D610;M702;;;400
D610;M703;;;400
D620;M000;;;0
D620;M001;Type_privé;OUI;2500
D620;M002;Type_privé;OUI;2500
D620;M003;Type_privé;OUI;1300
D620;M101;;;50
D620;M102;;;50
D620;M301;;;80
D620;M302;;;80
D620;M303;;;80
D620;M304;;;80
D620;M305;;;80
D620;M306;;;80
D620;M307;;;80
D620;M308;;;80
D620;M401;;;25
D620;M402;;;25
D620;M403;;;25
D620;M404;;;25
D622;M000;;;0
D622;M701;;;1000
D622;M702;;;200
D622;M703;;;120
D622;M704;;;120
D626;M000;;;0
D626;M001;Type_privé;OUI;1100
D626;M002;Type_privé;OUI;1100
D626;M003;Type_privé;OUI;1100
D626;M101;;;15
D626;M102;;;15
D626;M301;;;100
D626;M302;;;100
D626;M303;;;100
D626;M304;;;100
D626;M305;;;100
D626;M701;;;50
D626;M900;;;0
D637;M000;;;0
D637;M701;;;200
D637;M702;;;200
D637;M703;;;500
D660;M000;;;0
D660;M001;;;1200
D660;M002;;;1300
D660;M003;;;1200
D660;M004;;;3200
D660;M101;;;40
D660;M102;;;40
D660;M301;;;180
D660;M302;;;60
D660;M303;;;150
D660;M304;;;120
D660;M305;;;120
D660;M306;;;120
D660;M307;;;120
D660;M308;;;120
D660;M701;;;1000
D661;M000;;;0
D661;M001;Type_privé;OUI;950
D661;M002;Type_privé;OUI;950
D661;M101;;;45
D661;M102;;;45
D661;M301;;;50
D661;M302;;;50
D661;M303;;;50
D661;M304;;;50
D661;M701;;;300
D662;M000;;;0
D662;M001;;OUI;2200
D662;M101;;;90
D662;M102;;;90
D662;M308;;;70
D662;M309;;;70
D662;M310;;;70
D662;M311;;;70
D662;M312;;;70
D662;M313;;;70
D662;M401;;;120
D662;M701;;;2000
D662;M702;;;100
D662;M703;;;100
D662;M704;;;90
D662;M705;;;90
D664;M000;;;0
D664;M001;Palplanche;OUI;900
D664;M301;;;20
D664;M302;;;20
D664;M303;;;20
D664;M304;;;20
D664;M305;;;20
D664;M306;;;20
D664;M307;;;20
D664;M308;;;20
D664;M701;;;400
D664;M702;;;400
D671;M000;;;0
D671;M701;;;200
D671;M702;;;200
D671;M703;;;700
D674;M001;Type_privé;OUI;1300
D674;M002;Type_privé;OUI;1300
D674;M003;Type_privé;OUI;1300
D674;M004;Type_privé;OUI;1300
D674;M005;Type_privé;OUI;1300
D674;M006;Type_privé;OUI;1300
D674;M007;Type_privé;OUI;2600
D674;M101;;;100
D674;M102;;;100
D674;M103;;;100
D674;M104;;;100
D674;M302;;;300
D674;M303;;;300
D674;M304;;;300
D674;M305;;;300
D674;M306;;;300
D674;M307;;;600
D674;M701;;;400
D674;M702;;;400
D674;M703;;;400
D681;M000;;;0
D681;M701;;;200
D681;M702;;;200
D681;M703;;;200
D681;M704;;;500
D682;M000;;;0
D682;M701;;;500
D682;M702;;;1000
D002;M000;;;0
D002;M101;;;30
D002;M102;;;30
D002;M103;;;30
D002;M104;;;30
D002;M301;;;200
D002;M302;;;200
D009;M000;;;0
D009;M101;Palplanche;;200
D009;M102;Palplanche;;200
D009;M103;Palplanche;;200
D009;M104;Palplanche;;200
D009;M105;Palplanche;;200
D009;M106;Palplanche;;200
D009;M301;;;45
D009;M302;;;45
D009;M303;;;45
D009;M304;;;45
D009;M305;;;45
D009;M306;;;45
D009;M307;;;45
D009;M801;;;1500
D010;M000;;;0
D010;M001;Type_privé;OUI;1800
D010;M002;Type_privé;OUI;500
D010;M003;Type_privé;OUI;500
D010;M101;;;60
D010;M102;;;60
D010;M103;;;30
D010;M104;;;30
D010;M302;;;100
D010;M303;;;100
D010;M304;;;100
D010;M305;;;100
D010;M306;;;100
D010;M307;;;100
D011;M000;;;0
D011;M005;Type_privé;OUI;1500
D011;M006;Type_privé;OUI;1500
D011;M101;;;40
D011;M102;;;50
D011;M301;;;120
D011;M302;;;120
D011;M303;;;120
D011;M304;;;120
D011;M305;;;120
D011;M701;;;200
D015;M000;;;0
D015;M101;;;200
D015;M102;;;200
D015;M103;;;200
D015;M104;;;200
D015;M801;;;1000
D016;M000;;;0
D016;M101;;;200
D016;M102;;;200
D016;M103;;;200
D016;M104;;;200
D016;M301;;;90
D016;M302;;;90
D016;M303;;;90
D016;M304;;;90
D016;M305;;;90
D016;M306;;;90
D018;M000;;;0
D018;M301;;;60
D018;M302;;;60
D018;M303;;;60
D018;M304;;;60
D018;M701;;;500
D022;M000;;OUI;0
D022;M001;Palplanche;OUI;160
D022;M002;Palplanche;OUI;350
D022;M003;Palplanche;OUI;350
D022;M004;Palplanche;OUI;350
D022;M005;Palplanche;OUI;700
D022;M006;Palplanche;OUI;700
D022;M007;Palplanche;OUI;700
D022;M008;Palplanche;OUI;700
D022;M011;Palplanche;OUI;600
D022;M012;Palplanche;OUI;600
D022;M013;Palplanche;OUI;900
D022;M014;Palplanche;OUI;900
D022;M015;Palplanche;OUI;1800
D022;M016;Palplanche;OUI;1800
D022;M017;Palplanche;OUI;1800
D022;M018;Palplanche;OUI;900
D022;M019;Palplanche;OUI;900
D022;M021;Béton;OUI;700
D022;M022;Béton;OUI;700
D022;M023;Béton;OUI;700
D022;M024;Béton;OUI;700
D022;M026;Béton;OUI;800
D022;M027;Béton;OUI;800
D022;M029;Béton;OUI;800
D022;M030;Béton;OUI;800
D022;M032;Béton;OUI;800
D022;M033;Béton;OUI;800
D022;M035;Béton;OUI;800
D022;M036;Béton;OUI;800
D022;M037;Béton;OUI;800
D022;M038;Béton;OUI;800
D022;M040;Béton;OUI;800
D022;M041;Béton;OUI;800
D022;M043;Béton;OUI;800
D022;M044;Béton;OUI;800
D022;M101;;OUI;70
D022;M102;;OUI;70
D022;M103;;OUI;70
D022;M104;;OUI;70
D022;M105;;OUI;70
D022;M106;;OUI;70
D022;M107;;OUI;70
D022;M108;;OUI;70
D022;M109;;OUI;180
D022;M110;;OUI;180
D022;M111;;OUI;180
D022;M112;;OUI;180
D022;M113;;OUI;240
D022;M114;;OUI;240
D022;M115;;OUI;90
D022;M116;;OUI;90
D022;M117;;OUI;90
D022;M118;;OUI;90
D022;M119;;OUI;80
D022;M120;;OUI;80
D022;M800;;;0
D026;M001;;OUI;1000
D026;M002;;OUI;1000
D026;M004;;OUI;1200
D026;M005;;OUI;1200
D026;M006;;OUI;1200
D026;M007;;OUI;1200
D026;M008;;OUI;1200
D026;M009;;OUI;1200
D026;M010;;OUI;1200
D026;M011;;OUI;1200
D026;M012;;OUI;1200
D026;M013;;OUI;1200
D026;M014;;OUI;1200
D026;M015;;OUI;1200
D026;M016;;OUI;1200
D026;M017;;OUI;4000
D026;M018;;OUI;4000
D026;C19;Cellule_Beton_Fond_conique;;4000
D026;C20;Cellule_Beton_Fond_conique;;4000
D026;M101;Béton;OUI;130
D026;M102;Béton;OUI;130
D026;M103;Béton;OUI;80
D026;M104;Béton;OUI;25
D026;M105;Béton;;25
D026;M106;Béton;;45
D026;M107;Béton;;45
D026;M108;Béton;;130
D026;M109;Béton;;130
D026;M110;Béton;;130
D026;M201;Béton;;120
D026;M202;Béton;;100
D026;M205;Béton;OUI;280
D026;M206;Béton;OUI;280
D026;M207;Béton;OUI;280
D026;M208;Béton;OUI;280
D026;M301;;;150
D026;M302;;;150
D026;M303;;;150
D026;M304;;;150
D026;M305;;;150
D026;M306;;;150
D026;M307;;;150
D026;M308;;;150
D026;M309;;;150
D044;M000;;;0
D044;M301;;;0
D044;M302;;;0
D044;M303;;;60
D044;M304;;;80
D044;M305;;;150
D044;M306;;;0
D044;M307;;;0
D044;M308;;;0
D044;M309;;;0
D044;M701;;;1500
D044;M801;;;500
D052;M000;;;0
D052;M001;Palplanche;OUI;75
D052;M002;Palplanche;OUI;75
D052;M003;Palplanche;OUI;150
D052;M004;Palplanche;OUI;150
D052;M005;Palplanche;OUI;300
D052;M006;Palplanche;OUI;300
D052;M007;Palplanche;OUI;300
D052;M008;Palplanche;OUI;300
D052;M009;Palplanche;OUI;300
D052;M010;Palplanche;OUI;300
D052;M011;Palplanche;OUI;150
D052;M012;Palplanche;OUI;150
D052;M013;Palplanche;OUI;75
D052;M014;Palplanche;OUI;75
D052;M101;;;30
D052;M701;;;300
D054;M000;;;0
D054;M001;;OUI;250
D054;M002;;OUI;250
D054;M003;;OUI;250
D054;M004;;OUI;250
D054;M005;;OUI;250
D054;M006;;OUI;250
D054;M007;;OUI;150
D054;M101;;;50
D054;M301;;;300
D054;M801;;;800
D056;M000;;;0
D056;M001;Palplanche;OUI;300
D056;M002;Palplanche;OUI;200
D056;M003;Palplanche;OUI;1000
D056;M004;Palplanche;OUI;1000
D056;M005;Palplanche;OUI;1000
D056;M006;Palplanche;OUI;1000
D056;M007;Palplanche;OUI;1000
D056;M008;Palplanche;OUI;1000
D056;M101;;;55
D056;M301;Béton;OUI;60
D056;M302;Béton;OUI;60
D056;M303;Béton;OUI;60
D056;M304;Béton;OUI;60
D056;M305;Béton;OUI;60
D062;M000;;;0
D062;M001;Béton;;400
D062;M002;Béton;OUI;1400
D062;M003;Béton;OUI;400
D062;M004;Béton;OUI;1600
D062;M005;Béton;OUI;1600
D062;M006;Béton;OUI;1600
D062;M007;Béton;OUI;1600
D062;M008;Béton;OUI;1600
D062;M009;Béton;OUI;1600
D062;M010;Béton;OUI;4000
D062;M011;;OUI;4000
D062;M012;;OUI;4000
D062;M101;;;400
D062;M201;;;70
D062;M202;;;70
D062;M203;;;90
D062;M204;;;90
D062;M205;;;400
D062;M206;;;400
D503;M000;;;0
D503;M001;;;270
D503;M002;;;460
D503;M003;;OUI;270
D503;M004;;;460
D503;M005;;OUI;1150
D503;M006;;OUI;1150
D503;M007;;OUI;1280
D503;M008;;OUI;1280
D503;M009;;OUI;1280
D503;M010;;OUI;1280
D503;M102;;;140
D503;M103;;;200
D503;M105;;;320
D503;M106;;;320
D503;M301;;;200
D503;M302;;;200
D503;M303;;;200
D503;M304;;;200
D503;M305;;;200
D503;M306;;;200
D503;M401;Béton;;6000
D503;M402;Béton;;6000
D503;M403;Béton;;6000
D503;M404;Béton;;6000
D503;M405;Béton;;6000
D503;M406;Béton;;6000
D508;M000;;;0
D508;M001;;OUI;180
D508;M002;;OUI;180
D508;M003;;OUI;180
D508;M004;;OUI;180
D508;M005;;OUI;180
D508;M006;;OUI;180
D508;M007;Palplanche;OUI;700
D508;M008;Palplanche;OUI;700
D508;M009;Palplanche;OUI;700
D508;M010;;OUI;1300
D508;M011;Béton;OUI;4400
D508;M012;Béton;OUI;2200
D508;M031;Palplanche;OUI;300
D508;M032;Palplanche;OUI;300
D508;M033;Palplanche;OUI;300
D508;M034;Palplanche;OUI;300
D508;M035;Palplanche;OUI;300
D508;M036;Palplanche;OUI;300
D508;M037;;OUI;1500
D508;M038;;OUI;1500
D508;M041;;OUI;5000
D508;M042;;OUI;5000
D508;M043;;OUI;5000
D508;M044;;OUI;3500
D508;M101;;;25
D508;M102;;;30
D508;M103;;;30
D508;M104;;;30
D508;M105;;;30
D508;M106;;;50
D508;M107;;;100
D508;M301;;;100
D508;M302;;;100
D508;M303;;;100
D508;M304;;;100
D508;M305;;;100
D508;M306;;;100
D508;M701;;;500
D513;M000;;;0
D513;M001;Palplanche;OUI;500
D513;M002;Palplanche;OUI;500
D513;M003;Palplanche;OUI;500
D513;M004;Palplanche;OUI;500
D513;M005;Palplanche;OUI;500
D513;M006;Palplanche;OUI;500
D513;M007;Palplanche;OUI;500
D513;M008;Palplanche;OUI;500
D513;M009;Palplanche;OUI;500
D513;M010;Palplanche;OUI;500
D513;M011;Palplanche;OUI;500
D513;M013;Palplanche;;100
D513;M101;;;24
D513;M102;;;25
D513;M301;;;200
D513;M302;;;200
D513;M303;;;200
D513;M304;;;200
D513;M305;;;200
D513;M800;;;200
D517;M000;;;0
D517;M001;Palplanche;OUI;250
D517;M002;Palplanche;OUI;250
D517;M101;;;28
D517;M102;;;15
D517;M105;;;15
D517;M401;;;1500
D517;M701;;;270
D517;M702;;;268
D517;M703;;;175
D517;M704;;;30
D517;M801;;;400
D520;M000;;;0
D520;M301;;;100
D520;M302;;;100
D520;M303;;;100
D520;M304;;;100
D520;M305;;;250
D520;M701;;;600
D520;M702;;;800
D520;M703;;;800
D520;M801;;;500
D601;C07;Cellule_palplanche;;800
D601;C08;Cellule_palplanche;;800
D601;C09;Cellule_palplanche;;800
D601;C10;Cellule_palplanche;;800
D601;C11;Cellule_palplanche;;800
D601;C12;Cellule_palplanche;;800
D601;C13;Cellule_palplanche;;800
D601;C14;Cellule_palplanche;;800
D601;M000;;;0
D601;M001;Palplanche;OUI;350
D601;M002;Palplanche;OUI;350
D601;M003;Palplanche;OUI;400
D601;M004;Palplanche;OUI;400
D601;M005;Palplanche;OUI;1200
D601;M006;Palplanche;OUI;1200
D601;M101;;;50
D601;M102;;;50
D601;M115;;;50
D601;M116;;;50
D601;M117;;;50
D601;M118;;;50
D601;M801;;;500
D602;M001;Type_privé;OUI;2600
D602;M002;Type_privé;OUI;2600
D602;M011;Palplanche;OUI;400
D602;M012;Palplanche;OUI;400
D602;M013;Palplanche;OUI;400
D602;M014;Palplanche;OUI;400
D602;M015;Palplanche;OUI;600
D602;M016;Palplanche;OUI;600
D602;M017;Palplanche;OUI;600
D602;M018;Palplanche;OUI;600
D602;M019;Palplanche;OUI;600
D602;M020;Palplanche;OUI;600
D602;M101;;OUI;30
D602;M102;;OUI;30
D602;M302;;;80
D602;M303;;;80
D602;M304;;;60
D602;M305;;;60
D602;M306;;;100
D602;M307;;;100
D602;M309;;;60
D602;M701;;;200
D602;M702;;;150
D602;M801;;;100
D602;M802;;;100
D602;M803;;;100
D604;M000;;;0
D604;M003;Béton;OUI;2500
D604;M004;Béton;OUI;2500
D604;M005;Béton;OUI;2500
D604;M006;Béton;OUI;2500
D604;M007;Béton;OUI;2500
D604;M008;Béton;OUI;2500
D604;M009;Béton;OUI;2500
D604;M011;Béton;OUI;5000
D604;M012;Béton;OUI;5000
D604;M013;Béton;OUI;5000
D604;M014;Béton;OUI;5000
D604;M410;;OUI;5000
D604;M061;Palplanche;OUI;700
D604;M062;Palplanche;OUI;700
D604;M063;Palplanche;OUI;700
D604;M064;Palplanche;OUI;700
D604;M065;Palplanche;OUI;700
D604;M066;Palplanche;OUI;700
D604;M067;Palplanche;OUI;700
D604;M068;Palplanche;OUI;700
D604;M069;Palplanche;OUI;700
D604;M070;Palplanche;OUI;700
D604;M071;Palplanche;OUI;700
D604;M072;Palplanche;OUI;700
D604;M101;;;100
D604;M102;;;100
D604;M103;;;60
D604;M104;;;300
;;;;
D604;M460;;OUI;2500
D604;M501;Béton;OUI;1200
D604;M502;Béton;OUI;1200
D604;M558;;;0
D604;M559;;;0
D604;M701;_;;5000
D604;M801;;;800
D606;M000;;;0
D606;M001;Type_privé;OUI;500
D606;M002;Type_privé;OUI;500
D606;M003;Type_privé;OUI;500
D606;M004;Type_privé;OUI;500
D606;M005;Type_privé;OUI;1500
D606;M006;Type_privé;OUI;1500
D606;M010;Palplanche;OUI;75
D606;M011;Type_privé;OUI;2500
D606;M012;Type_privé;OUI;2500
D606;M101;;;200
D606;M102;;;200
D606;M103;;;50
D606;M104;;;50
D606;M110;;;25
D606;M301;;;60
D606;M302;;;60
D606;M303;;;60
D606;M306;;;60
D606;M307;;;60
D606;M308;;;60
D606;M309;;;80
D606;M310;;;80
D606;M801;;;300
D611;M000;;;0
D611;M001;Palplanche;OUI;300
D611;M002;Palplanche;OUI;300
D611;M003;Palplanche;OUI;800
D611;M004;Palplanche;OUI;800
D611;M005;Palplanche;OUI;800
D611;M006;Palplanche;OUI;800
D611;M007;Palplanche;OUI;800
D611;M008;Palplanche;OUI;800
D611;M101;;;30
D611;M102;;;30
D611;M103;;;30
D611;M104;;;30
D611;M301;;;100
D611;M302;;;100
D611;M303;;;100
D611;M306;;;100
D611;M307;;;100
D611;M308;;;100
D611;M409;;;1800
D611;M701;;;500
D611;M702;;;600
D611;M801;;;800
D612;M000;;;0
D612;M001;Palplanche;;110
D612;M002;Palplanche;;110
D612;M003;Type_privé;OUI;1600
D612;M004;Type_privé;OUI;1600
D612;M101;;;70
D612;M102;;;70
D612;M103;;;70
D612;M104;;;70
D612;M301;;;50
D612;M302;;;50
D612;M304;;;50
D612;M305;;;50
D612;M701;;;800
D615;M000;;;0
D615;M001;Palplanche;;90
D615;M002;Palplanche;;180
D615;M101;;;60
D615;M102;;;60
D615;M401;;;250
D615;M701;;;450
D615;M702;;;250
D616;M000;;;0
D616;M001;Type_privé;OUI;5000
D616;M101;;;100
D616;M102;;;100
D616;M103;;;100
D616;M104;;;100
D616;M105;;;100
D616;M106;;;100
D616;M701;;;500
D616;M702;;;100
D624;M000;;;0
D624;M701;;;200
D624;M702;;;80
D624;M703;;;80
D624;M704;;;80
D703;C01;Cellule_Beton_Fond_conique;;300
D703;C02;Cellule_Beton_Fond_conique;;300
D703;C03;Cellule_Beton_Fond_conique;;300
D703;C04;Cellule_Beton_Fond_conique;;300
D703;C05;Cellule_Beton_Fond_conique;;300
D703;C06;Cellule_Beton_Fond_conique;;90
D703;C07;Cellule_Beton_Fond_conique;;90
D703;C08;Cellule_Beton_Fond_conique;;90
D703;C09;Cellule_Beton_Fond_conique;;410
D703;C10;Cellule_palplanche;;410
D703;C11;Cellule_palplanche;;410
D703;C12;Cellule_palplanche;;300
D703;C13;Cellule_palplanche;;410
D706;M000;;;0
D706;M701;;;400
D710;M000;;;0
D710;M001;Type_privé;OUI;2100
D710;M002;Type_privé;OUI;2100
D710;M003;Type_privé;OUI;2100
D710;M004;Type_privé;OUI;500
D710;M005;Type_privé;OUI;500
D710;M006;Type_privé;OUI;500
D710;M007;Type_privé;OUI;500
D710;M101;;;40
D710;M102;;;40
D710;M104;;;0
D710;M105;;;0
D710;M301;;;80
D710;M302;;;80
D710;M303;;;80
D710;M304;;;0
D742;M000;;;0
D742;M301;;;50
D742;M302;;;25
D742;M303;;;25
D742;M304;;;0
D108;M000;;;0
D108;M101;;;50
D108;M102;;;50
D108;M103;;;50
D108;M104;;;50
D108;M701;;;500
D109;M000;;;0
D109;M001;Palplanche;;150
D109;M002;Palplanche;;150
D109;M101;;;100
D109;M102;;;100
D109;M103;;;70
D109;M104;;;20
D200;M001;Béton;OUI;600
D200;M002;Béton;OUI;600
D200;M003;Béton;OUI;600
D200;M004;Béton;OUI;600
D200;M005;Béton;OUI;350
D200;M006;Béton;OUI;350
D200;M007;Béton;OUI;350
D200;M008;Béton;OUI;350
D200;M009;Béton;OUI;4000
D200;M010;Béton;OUI;4000
D200;M011;Béton;OUI;4000
D200;M101;;;150
D200;M102;;;150
D200;M103;;;150
D200;M104;;;150
D200;M410;;OUI;10000
D200;M425;;OUI;24000
D201;M000;;;0
D201;M001;Palplanche;OUI;600
D201;M002;Palplanche;OUI;300
D201;M003;Palplanche;OUI;300
D201;M004;Palplanche;OUI;600
D201;M005;Palplanche;OUI;600
D201;M006;Palplanche;OUI;600
D201;M007;Palplanche;OUI;600
D201;M008;Palplanche;OUI;600
D201;M009;Palplanche;OUI;600
D201;M010;Palplanche;OUI;600
D201;M011;Palplanche;OUI;600
D201;M012;Palplanche;OUI;600
D201;M013;Palplanche;OUI;600
D201;M021;Type_privé;OUI;180
D201;M022;Type_privé;OUI;180
D201;M023;Type_privé;OUI;180
D201;M101;;;60
D201;M102;;;60
D201;M301;;;90
D201;M302;;;90
D201;M303;;;90
D201;M304;;;90
D201;M305;;;90
D201;M306;;;90
D201;M401;;;500
D204;M000;;;0
D204;M001;Palplanche;OUI;250
D204;M002;Palplanche;OUI;250
D204;M003;Palplanche;OUI;500
D204;M004;Palplanche;OUI;500
D204;M101;;;25
D204;M102;;;25
D204;M103;;;100
D204;M104;;;100
D204;M105;;;100
D204;M301;;OUI;120
D204;M302;;OUI;120
D204;M303;;OUI;120
D204;M304;;OUI;120
D204;M305;;OUI;50
D204;M306;;OUI;50
D204;M307;;OUI;150
D204;M701;;;2000
D213;M000;;;0
D213;M101;;;100
D213;M102;;;100
D213;M103;;;100
D213;M104;;;100
D213;M701;;;2000
D218;M401;;OUI;1000
D218;M402;;OUI;250
D220;M000;;;0
D220;M001;Type_privé;OUI;800
D220;M002;Type_privé;OUI;800
D220;M003;Type_privé;OUI;800
D220;M004;Type_privé;OUI;800
D220;M005;Palplanche;OUI;1000
D220;M006;Palplanche;OUI;1000
D220;M007;Palplanche;OUI;1000
D220;M008;Palplanche;OUI;1000
D220;M009;Palplanche;OUI;150
D220;M101;;OUI;90
D220;M102;;;90
D220;M103;;;90
D220;M104;;;90
D220;M304;;;60
D220;M801;;;500
D226;M000;;;0
D226;M001;Palplanche;OUI;800
D226;M002;Palplanche;OUI;800
D226;M003;Palplanche;OUI;800
D226;M004;Palplanche;OUI;800
D226;M005;Palplanche;OUI;500
D226;M006;Palplanche;OUI;500
D226;M007;Palplanche;OUI;500
D226;M008;Palplanche;OUI;500
D226;M009;Palplanche;OUI;800
D226;M010;Palplanche;OUI;600
D226;M011;Palplanche;OUI;800
D226;M101;;;70
D226;M102;;;70
D226;M103;;;150
D226;M104;;;30
D445;M000;;;0
D445;M101;;;100
D445;M102;;;100
D445;M103;;;65
D445;M104;;;65
D445;M105;;;50
D445;M106;;;25
D445;M107;;;10
D445;M301;;;150
D445;M302;;;150
D445;M303;;;150
D445;M304;;;150
D445;M305;;;120
D445;M306;;;120
D445;M307;;;120
D445;M401;;;2500
D445;M402;;;300
D705;M101;;OUI;30
D705;M102;;OUI;30
D707;M001;Palplanche;OUI;200
D707;M002;Palplanche;OUI;200
D707;M003;Palplanche;OUI;300
D707;M004;Palplanche;OUI;300
D707;M005;Palplanche;OUI;300
D707;M006;Palplanche;OUI;300
D707;M007;Palplanche;OUI;300
D707;M008;Palplanche;OUI;300
D707;M009;Palplanche;OUI;300
D707;M010;Palplanche;OUI;300
D707;M011;Palplanche;OUI;300
D707;M012;Palplanche;OUI;300
D707;M013;Palplanche;OUI;300
D707;M014;Palplanche;OUI;300
D707;M015;Palplanche;OUI;300
D707;M016;Palplanche;OUI;300
D707;M017;Palplanche;OUI;300
D707;M018;Palplanche;OUI;300
D707;M019;Palplanche;OUI;300
D707;M020;Palplanche;OUI;300
D707;M021;;OUI;1500
D707;M022;;OUI;1500
D707;M101;;OUI;30
D707;M102;;OUI;30
D707;M103;;OUI;30
D707;M301;;OUI;600
D707;M302;;OUI;200
D608;M000;;;0
D608;M001;Type_privé;OUI;3000
D608;M002;Type_privé;OUI;3000
D608;M003;Type_privé;OUI;3000
D608;M004;Type_privé;OUI;1800
D608;M005;Type_privé;OUI;500
D608;M006;Type_privé;OUI;500
D608;M007;Type_privé;OUI;500
D608;M008;;;250
D608;M009;;;250
D608;M101;Type_privé;;50
D608;M102;Type_privé;;50
D608;M103;Type_privé;;30
D608;M104;Type_privé;;30
D608;M301;Béton;;0
D608;M302;Béton;;0
D608;M303;Béton;;0
D608;M304;Béton;;0
D608;M305;Béton;;0
D608;M306;Béton;;0
D608;M307;Béton;;0
D608;M701;;;1000
D608;M702;;;300
D621;M000;;;0
D621;M001;;OUI;2500
D621;M002;;OUI;2500
D621;M003;;OUI;1100
D621;M101;Type_privé;;50
D621;M102;Type_privé;;50
D621;M301;;;100
D621;M302;;;100
D621;M303;;;100
D621;M304;;;100
D621;M701;;;400
D621;M702;;;250
D627;M000;;;0
D627;M001;Type_privé;OUI;1000
D627;M002;Type_privé;OUI;1000
D627;M003;Type_privé;OUI;1000
D627;M004;Type_privé;OUI;1000
D627;M005;Type_privé;OUI;1200
D627;M101;;;50
D627;M701;Béton;;500
D628;M000;;;0
D628;M001;;OUI;500
D628;M002;;OUI;500
D628;M003;;OUI;500
D628;M004;;OUI;500
D628;M006;;OUI;500
D628;M007;;OUI;500
D628;M008;Type_privé;OUI;500
D628;M009;Type_privé;OUI;500
D628;M010;Type_privé;OUI;650
D628;M011;Type_privé;OUI;650
D628;M021;Type_privé;OUI;2000
D628;M022;Type_privé;OUI;2000
D628;M101;Type_privé;;25
D628;M102;Type_privé;;25
D628;M103;Type_privé;;50
D628;M401;Béton;OUI;2000
D628;M402;Béton;OUI;5000
D629;M000;;;0
D629;M001;;OUI;1700
D629;M002;;OUI;1350
D629;M003;;OUI;1350
D629;M004;;OUI;2500
D629;M101;;;50
D629;M102;;;50
D629;M401;;OUI;150
D629;M402;;OUI;150
D629;M403;;OUI;150
D629;M404;;OUI;150
D638;M000;;;0
D638;M021;Béton;OUI;500
D638;M022;Béton;OUI;400
D638;M023;Béton;OUI;1200
D638;M024;Béton;OUI;340
D638;M025;Béton;OUI;250
D638;M026;Béton;OUI;1200
D638;M027;Béton;OUI;1300
D638;M028;Béton;OUI;1300
D638;M029;Béton;OUI;1300
D638;M030;Béton;OUI;1300
D638;M031;Béton;OUI;1300
D638;M032;Béton;OUI;1300
D638;M033;Béton;OUI;1300
D638;M034;Béton;OUI;1300
D638;M035;Béton;OUI;1300
D638;M036;Béton;OUI;1300
D638;M051;Palplanche;OUI;450
D638;M052;Palplanche;OUI;450
D638;M053;Palplanche;OUI;450
D638;M054;Palplanche;OUI;450
D638;M055;Palplanche;OUI;450
D638;M056;Palplanche;OUI;450
D638;M057;Palplanche;OUI;450
D638;M058;Palplanche;OUI;450
D638;M061;Palplanche;OUI;200
D638;M062;Palplanche;OUI;200
D638;M063;Palplanche;OUI;200
D638;M064;Palplanche;OUI;200
D638;M101;;;30
D638;M102;;;30
D638;M140;;;50
D638;M141;;;905
D638;M143;;;90
D638;M144;;;100
D638;M145;;;340
D638;M146;;;340
D638;M147;;;90
D638;M148;;;90
D638;M149;;;340
D638;M150;;;340
D638;M301;;;100
D638;M302;;;100
D638;M303;;;100
D638;M304;;;100
D638;M305;;;100
D638;M306;;;150
D638;M307;;;150
D638;M308;;;150
D638;M309;;;150
D638;M310;;;150
D638;M401;;OUI;2000
D638;M402;;OUI;500
D638;M403;;OUI;400
D639;M001;Palplanche;OUI;500
D639;M002;Palplanche;OUI;500
D639;M003;Palplanche;OUI;500
D639;M004;Palplanche;OUI;500
D639;M005;Palplanche;OUI;500
D639;M006;Palplanche;OUI;500
D639;M007;Palplanche;OUI;500
D639;M008;Palplanche;OUI;500
D639;M009;Palplanche;OUI;500
D639;M010;Palplanche;OUI;500
D639;M011;Palplanche;OUI;500
D639;M012;Palplanche;OUI;500
D639;M013;Palplanche;OUI;750
D639;M014;Palplanche;OUI;750
D639;M015;Palplanche;OUI;3000
D639;M016;Palplanche;OUI;3000
D639;M017;;OUI;8500
D639;M018;;OUI;4500
D639;M021;Palplanche;OUI;300
D639;M022;Palplanche;OUI;300
D639;M023;Palplanche;OUI;300
D639;M101;;OUI;25
D639;M102;;OUI;25
D639;M103;;OUI;0
D639;M104;;OUI;0
D639;M301;;OUI;100
D639;M302;;OUI;100
D639;M303;;OUI;50
D639;M304;;OUI;50
D639;M305;;OUI;50
D639;M306;;OUI;50
D639;M309;;OUI;50
D639;M310;;OUI;50
D639;M321;;OUI;50
D639;M322;;OUI;50
D639;M323;;OUI;50
D639;M324;;OUI;50
D639;M325;;OUI;50
D639;M326;;OUI;50
D639;M327;;OUI;50
D639;M328;;OUI;50
D639;M401;;OUI;300
D639;M402;;OUI;300
D639;M431;;OUI;300
D639;M521;;OUI;30
D639;M522;;OUI;30
D639;M523;;;30
D639;M524;;;30
D639;M525;;;30
D639;M526;;;30
D639;M527;;;30
D639;M528;;;30
D639;M531;;;50
D639;M532;;;150
D639;M533;;;150
D639;M534;;;100
D639;M535;;;30
D639;M536;;;30
D676;M000;;;0
D676;M001;Palplanche;OUI;450
D676;M002;Palplanche;OUI;450
D676;M003;Palplanche;OUI;450
D676;M004;Type_privé;OUI;2600
D676;M101;Palplanche;;50
D676;M102;Palplanche;;50
D676;M103;Palplanche;;50
D676;M104;Palplanche;;50
D676;M301;Béton;;30
D676;M302;Béton;;30
D676;M303;Béton;;30
D676;M304;Béton;;30
D676;M305;Béton;;30
D676;M306;Béton;;30
D677;M000;;;0
D677;M301;Béton;;150
D677;M302;Béton;;150
D677;M303;Béton;;150
D677;M304;Béton;;150
D677;M305;Béton;;150
D677;M306;Béton;;150
D677;M307;Béton;;150
D677;M308;Béton;;150
D677;M401;;;600
D678;M000;;;0
D678;M301;;;150
D678;M302;;;150
D678;M303;;;150
D678;M304;;;150
D678;M305;;;150
D104;M000;;;0
D104;M101;;;100
D104;M102;;;100
D104;M103;;;100
D104;M104;;;100
D104;M701;;;500
D104;M702;;;500
D104;M703;;;30
D104;M704;;;30
D104;M705;;;50
D104;M706;;;50
D115;M000;;;0
D115;M101;;;40
D115;M102;;;20
D115;M401;;;200
D115;M402;;;600
D115;M701;;;600
D116;C01;Cellule_Metal_Fond_conique;;300
D116;C02;Cellule_Metal_Fond_conique;;300
D116;C03;Cellule_Metal_Fond_conique;;750
D116;C04;Cellule_Metal_Fond_conique;;750
D116;C05;Cellule_Metal_Fond_conique;;750
D116;C06;Cellule_Metal_Fond_conique;;750
D116;C07;Cellule_Metal_Fond_conique;;750
D116;C08;Cellule_Metal_Fond_conique;;750
D116;C09;Cellule_Metal_Fond_conique;;750
D143;M000;;;0
D143;M003;Béton;OUI;1000
D143;M004;Béton;OUI;1000
D143;M005;Béton;OUI;1000
D143;M006;Béton;OUI;1000
D143;M007;Type_privé;OUI;5900
D143;M008;Type_privé;OUI;5900
D143;M009;Type_privé;OUI;5900
D143;M010;Type_privé;OUI;5900
D143;M011;Type_privé;OUI;5900
D143;M021;Béton;OUI;17000
D143;M022;Béton;OUI;17000
D143;M023;Béton;OUI;17000
D143;M101;;OUI;500
D143;M102;;OUI;500
D143;M103;Palplanche;OUI;200
D143;M111;;OUI;150
D143;M112;;OUI;150
D143;M113;;OUI;150
D143;M114;;OUI;150
D143;M201;Béton;OUI;50
D143;M202;Béton;OUI;75
D143;M203;Béton;OUI;150
D157;M000;;;0
D157;M001;Palplanche;OUI;100
D157;M002;Palplanche;OUI;100
D157;M003;Palplanche;OUI;100
D157;M004;Palplanche;OUI;100
D157;M005;Palplanche;OUI;200
D157;M006;Palplanche;OUI;200
D157;M007;Palplanche;OUI;200
D157;M008;Palplanche;OUI;200
D157;M009;Type_privé;OUI;5000
D157;M010;Type_privé;OUI;5000
D157;M101;;;40
D157;M102;;;40
D157;M103;;;200
D157;M701;;;1000
D209;M000;;;0
D209;M001;Palplanche;;100
D209;M101;;;30
D209;M102;;;30
D209;M103;;;30
D209;M104;;;30
D209;M701;;;500
D216;M000;;;0
D216;M001;Type_privé;OUI;60
D216;M002;Type_privé;OUI;60
D216;M003;Type_privé;OUI;60
D216;M004;Type_privé;OUI;60
D216;M005;Palplanche;OUI;350
D216;M006;Palplanche;OUI;350
D216;M007;Palplanche;OUI;350
D216;M008;Palplanche;OUI;350
D216;M009;Palplanche;OUI;350
D216;M010;Palplanche;OUI;350
D216;M011;Palplanche;OUI;350
D216;M012;Palplanche;OUI;350
D216;M013;Palplanche;OUI;350
D216;M014;Palplanche;OUI;350
D216;M015;Palplanche;OUI;350
D216;M016;Palplanche;OUI;350
D216;M017;Palplanche;OUI;550
D216;M018;Palplanche;OUI;550
D216;M019;Palplanche;OUI;550
D216;M020;Palplanche;OUI;550
D216;M021;Palplanche;OUI;550
D216;M022;Palplanche;OUI;550
D216;M023;Palplanche;OUI;550
D216;M024;Palplanche;OUI;550
D216;M101;;;25
D216;M102;;;25
D216;M103;;;40
D216;M104;;;40
D216;M105;;;25
D216;M106;;;60
D216;M107;;;60
D216;M301;;;25
D216;M302;;;25
D216;M303;;;25
D216;M304;;;100
D216;M305;;;100
D216;M306;;;100
D216;M307;;;100
D216;M308;;;100
D216;M309;;;100
D216;M310;;;100
D216;M401;;OUI;8500
D216;M501;;OUI;150
D216;M502;;OUI;150
D217;M000;;;0
D217;M004;Palplanche;OUI;350
D217;M005;Palplanche;OUI;350
D217;M006;Palplanche;OUI;350
D217;M007;Palplanche;OUI;350
D217;M008;Palplanche;OUI;350
D217;M009;Palplanche;OUI;350
D217;M010;Palplanche;OUI;350
D217;M011;Palplanche;OUI;350
D217;M012;Palplanche;OUI;350
D217;M013;Palplanche;OUI;350
D217;M014;Palplanche;OUI;350
D217;M015;Palplanche;OUI;350
D217;M016;Palplanche;OUI;350
D217;M017;Palplanche;OUI;350
D217;M018;Palplanche;OUI;350
D217;M019;Palplanche;OUI;350
D217;M020;Palplanche;OUI;350
D217;M021;Palplanche;OUI;350
D217;M022;Palplanche;OUI;350
D217;M023;Palplanche;OUI;350
D217;M024;Palplanche;OUI;350
D217;M025;Palplanche;OUI;350
D217;M026;Palplanche;OUI;350
D217;M027;Palplanche;OUI;350
D217;M028;Palplanche;OUI;350
D217;M029;Palplanche;OUI;350
D217;M103;;;125
D217;M104;;;125
D217;M130;;;40
D217;M131;;;40
D217;M132;;;40
D217;M133;;;40
D217;M301;;;90
D217;M302;;;90
D217;M303;;;90
D217;M304;;;90
D217;M305;;;90
D217;M306;;;90
D222;M000;;;0
D222;M301;;;40
D222;M302;;;40
D222;M303;;;40
D222;M304;;;40
D222;M305;;;20
D222;M306;;;20
D222;M307;;;40
D222;M308;;;40
D222;M309;;;40
D222;M401;;;600
D222;M701;;;500
D222;M702;;;1000
D223;M000;;;0
D223;M101;;;50
D223;M102;;;50
D223;M103;;;50
D223;M104;;;50
D223;M301;;;1000
D405;M000;;;0
D405;M001;Béton;OUI;650
D405;M002;Béton;OUI;180
D405;M003;Béton;OUI;750
D405;M004;Béton;OUI;800
D405;M005;Béton;OUI;200
D405;M006;Béton;OUI;800
D405;M007;Béton;OUI;750
D405;M008;Béton;OUI;200
D405;M009;Béton;OUI;750
D405;M010;Béton;OUI;800
D405;M105;;;60
D405;M301;Béton;OUI;60
D405;M401;Béton;OUI;1000
D418;M000;;;0
D418;M001;Béton;OUI;180
D418;M002;Béton;OUI;180
D418;M101;;;50
D418;M102;;;50
D418;M301;;;25
D418;M302;;;25
D426;M000;;;0
D426;M001;Béton;OUI;450
D426;M002;Béton;OUI;450
D426;M101;;;180
D426;M102;;;180
D426;M103;;;180
D435;M000;;;0
D435;M001;Béton;OUI;500
D435;M002;Béton;OUI;500
D435;M003;Béton;OUI;600
D435;M004;Béton;OUI;600
D435;M005;Béton;OUI;600
D435;M006;Béton;OUI;600
D435;M007;Béton;OUI;600
D435;M008;Béton;OUI;600
D435;M101;;;30
D435;M102;;;30
D435;M201;;;50
D435;M202;;OUI;50
D435;M203;;;50
D435;M204;;OUI;50
D435;M205;;OUI;50
D435;M207;;OUI;50
D435;M208;;OUI;50
D435;M209;;OUI;50
D435;M210;;OUI;50
D435;M211;;OUI;0
D435;M212;;OUI;50
D435;M301;;;50
D435;M302;;OUI;50
D435;M303;;;50
D435;M304;;;50
D439;M000;;OUI;0
D439;M001;Béton;OUI;250
D439;M002;Béton;OUI;250
D439;M003;Béton;OUI;500
D439;M004;Béton;OUI;500
D439;M101;;;100
D439;M102;;;100
D439;M103;;;30
D439;M104;;;30
D439;M205;;;70
D439;M206;;;70
D439;M207;;;70
D439;M301;;;130
D439;M302;;;130
D439;M303;;;130
D439;M304;;;130
D439;M305;;;130
D440;M000;;OUI;0
D440;M001;Type_privé;OUI;450
D440;M002;Type_privé;OUI;450
D440;M101;;;100
D440;M102;;;100
D440;M103;;;30
D441;M000;;;0
D441;M001;Béton;OUI;650
D441;M002;Béton;OUI;650
D441;M003;Béton;OUI;650
D441;M004;Béton;OUI;650
D441;M005;Béton;OUI;650
D441;M006;Béton;OUI;650
D441;M007;Béton;OUI;650
D441;M008;Béton;OUI;650
D441;M101;;OUI;20
D441;M102;;OUI;35
D441;M201;Béton;;50
D441;M202;Béton;OUI;50
D441;M203;Béton;;50
D441;M204;Béton;OUI;50
D441;M205;Béton;OUI;50
D441;M206;Béton;;50
D441;M207;Béton;OUI;50
D441;M208;Béton;OUI;50
D441;M209;Béton;OUI;50
D441;M210;Béton;OUI;50
D441;M211;Béton;;0
D441;M212;Béton;OUI;50
D441;M301;;OUI;0
D441;M302;;OUI;0
D441;M303;;OUI;0
D441;M304;;OUI;0
D441;M305;;OUI;0
D442;M000;;;0
D442;M001;;OUI;750
D442;M002;;OUI;750
D442;M003;;OUI;750
D442;M004;;OUI;750
D442;M005;Béton;OUI;750
D442;M006;Béton;OUI;750
D442;M007;Béton;OUI;750
D442;M008;Béton;OUI;750
D442;M009;Béton;OUI;750
D442;M010;Béton;OUI;750
D442;M011;Béton;OUI;750
D442;M012;Béton;OUI;750
D442;M013;Béton;OUI;750
D442;M201;Béton;;200
D442;M202;Béton;;200
D442;M203;Béton;;220
D442;M204;Béton;;220
D442;M205;Béton;;220
D442;M301;;;90
D442;M302;;;90
D442;M303;;;90
D442;M304;;;90
D442;M305;;;120
D456;M000;;;0
D456;M001;Béton;OUI;650
D456;M002;Béton;OUI;650
D456;M003;Béton;OUI;650
D456;M004;Béton;OUI;650
D456;M005;Béton;OUI;650
D456;M006;Béton;OUI;650
D456;M007;Béton;OUI;650
D456;M008;Béton;OUI;650
D456;M113;;;20
D456;M114;;;25
D456;M115;;;120
D456;M201;Béton;;50
D456;M202;Béton;OUI;50
D456;M203;Béton;;50
D456;M204;Béton;OUI;50
D456;M205;Béton;OUI;50
D456;M206;Béton;;50
D456;M207;Béton;OUI;50
D456;M208;Béton;OUI;50
D456;M209;Béton;OUI;50
D456;M210;Béton;OUI;50
D456;M211;Béton;OUI;50
D456;M212;Béton;OUI;50
D456;M306;;;50
D456;M307;;;150
D456;M701;;;1000
D456;M801;;;200
D460;M000;;;0
D460;M101;;;250
D460;M102;;;250
D462;M000;;;0
D462;M001;Béton;OUI;1100
D462;M002;Béton;OUI;1100
D462;M003;Béton;OUI;1100
D462;M004;Béton;OUI;1100
D462;M005;Béton;OUI;750
D462;M006;Béton;OUI;750
D462;M007;Béton;OUI;750
D462;M008;Béton;OUI;750
D462;M101;;;120
D462;M102;;;120
D462;M103;;;20
D462;M104;;;20
D462;M301;;OUI;60
D462;M302;;OUI;60
D462;M303;;OUI;60
D462;M304;;OUI;60
D462;M305;;OUI;60
D462;M501;Béton;OUI;150
D462;M502;Béton;OUI;150
D462;M503;Béton;OUI;150
D462;M504;Béton;OUI;150
D462;M701;;;500
D462;M702;;;500
D472;M000;;;0
D472;M001;Béton;;150
D472;M002;Béton;;150
D472;M101;;;60
D472;M102;;;60
D472;M301;;;30
D472;M302;;;30
D472;M303;;;30
D472;M304;;;30
D472;M305;;;30
D472;M401;;;300
D476;M000;;;0
D476;M001;;OUI;160
D476;M002;;OUI;160
D476;M101;;;60
D476;M102;;;60
D476;M301;;;50
D476;M302;;;50
D476;M303;;;50
D476;M304;;;50
D476;M701;;;200
D477;M000;;;0
D477;M001;Béton;;240
D477;M002;Béton;;240
D477;M101;Béton;;120
D477;M102;Béton;;120
D652;M000;;;0
D652;M008;Type_privé;OUI;1900
D652;M101;;;30
D652;M102;;;30
D652;M301;;;100
D652;M303;;;60
D652;M304;;;60
D652;M305;;;60
D652;M306;;;60
D652;M401;;OUI;150
D652;M402;;OUI;150
D652;M403;;OUI;600
D004;M000;;;0
D004;M001;;OUI;250
D004;M002;;OUI;250
D004;M003;;OUI;250
D004;M004;;OUI;250
D004;M005;;OUI;250
D004;M006;;OUI;250
D004;M007;;OUI;250
D004;M011;;OUI;500
D004;M012;;OUI;1000
D004;M013;;OUI;400
D004;M014;;OUI;500
D004;M015;;OUI;600
D004;M016;;OUI;400
D004;M017;;OUI;200
D004;M101;;;30
D004;M102;;;30
D004;M103;;;30
D004;M104;;;30
D004;M201;;;40
D004;M202;;;40
D004;M301;;;125
D004;M302;;;125
D004;M303;;;125
D004;M304;;;125
D004;M305;;;125
D004;M306;;;125
D004;M307;;;125
D004;M308;;;125
D006;C09;Cellule_Metal_Fond_plat;;4200
D006;M001;;OUI;250
D006;M002;;OUI;250
D006;M003;;OUI;500
D006;M004;;OUI;500
D006;M005;;OUI;800
D006;M006;;OUI;800
D006;M007;;OUI;800
D006;M008;;OUI;800
D006;M101;;;28
D006;M102;;;28
D006;M103;;;28
D006;M201;;OUI;50
D006;M202;;OUI;50
D006;M203;;OUI;50
D006;M204;;OUI;50
D006;M205;;OUI;50
D006;M206;;OUI;50
D006;M301;;;0
D006;M302;;;0
D006;M303;;;0
D006;M304;;;0
D006;M305;;;0
D006;M306;;;0
D006;M307;;;0
D006;M308;;;0
D006;M309;;;0
D007;M000;;;0
D007;M101;;;50
D007;M102;;;50
D007;M301;;;60
D007;M302;;;60
D007;M303;;;60
D007;M304;;;60
D007;M305;;;60
D007;M701;;;2000
D014;M000;;;0
D014;M101;;;50
D014;M102;;;50
D014;M103;;;50
D014;M104;;;50
D014;M301;;;50
D014;M302;;;50
D014;M303;;;100
D014;M304;;;100
D014;M305;;;100
D014;M306;;;100
D014;M307;;;100
D014;M308;;;100
D014;M309;;;100
D014;M310;;;100
D014;M401;;;1000
D019;M000;;;0
D019;M001;;OUI;250
D019;M002;;OUI;250
D019;M003;;OUI;400
D019;M004;;OUI;400
D019;M005;;OUI;400
D019;M006;;OUI;400
D019;M007;;OUI;400
D019;M008;;OUI;400
D019;M101;;;30
D019;M102;;;30
D019;M103;;;75
D019;M301;;;125
D019;M302;;;125
D019;M303;;;125
D019;M304;;;125
D019;M305;;;125
D020;M000;;;0
D020;M001;;OUI;150
D020;M002;;OUI;150
D020;M101;;;50
D020;M102;;;50
D020;M701;;;300
D020;M702;;;300
D020;M703;;;600
D021;M000;;;0
D021;M001;;OUI;250
D021;M002;;OUI;250
D021;M101;;;25
D021;M102;;;25
D021;M103;;;20
D021;M104;;;20
D021;M701;;;2000
D029;M000;;;0
D029;M001;;OUI;100
D029;M002;;OUI;100
D029;M101;;;50
D029;M102;;;50
D029;M701;;;150
D037;M000;;;0
D037;M701;;;1500
D051;M000;;;0
D051;M001;;;600
D051;M002;;;600
D051;M003;;;600
D051;M004;;;600
D051;M005;;;600
D051;M101;;;25
D051;M401;;;1000
D059;M000;;;0
D059;M001;;;60
D059;M002;;;200
D059;M003;;;200
D059;M101;;;40
D059;M401;;OUI;2000
D067;M000;;;0
D067;M701;;;300
D067;M702;;;300
D067;M703;;;300
D502;M000;;;0
D502;M001;;OUI;200
D502;M002;;OUI;200
D502;M003;;OUI;200
D502;M004;;OUI;200
D502;M005;;OUI;200
D502;M006;;OUI;198
D502;M007;;OUI;200
D502;M008;;OUI;200
D502;M009;;OUI;200
D502;M010;;OUI;200
D502;M101;;;30
D502;M102;;;20
D502;M103;;;20
D502;M401;;;1000
D603;M000;;;0
D603;M001;Palplanche;OUI;100
D603;M002;;OUI;100
D603;M003;;OUI;100
D603;M004;;OUI;100
D603;M005;;OUI;650
D603;M006;;OUI;650
D603;M007;;OUI;650
D603;M008;;OUI;650
D603;M009;;OUI;650
D603;M010;Palplanche;OUI;650
D603;M011;Palplanche;OUI;650
D603;M012;Palplanche;OUI;650
D603;M013;Palplanche;OUI;650
D603;M014;Palplanche;OUI;650
D603;M015;Palplanche;OUI;650
D603;M016;Palplanche;OUI;650
D603;M017;;OUI;3500
D603;M118;;;110
D603;M119;;;110
D603;M120;;;25
D603;M121;;;25
D603;M301;;;300
D603;M302;;;90
D603;M303;;;90
D603;M304;;;90
D603;M305;;;90
D603;M306;;;90
D603;M307;;;90
D603;M308;;;90
D603;M401;;;600
D603;M801;;;1500
D605;M000;;;0
D605;M001;;OUI;1700
D605;M002;;OUI;1700
D605;M003;;OUI;1700
D605;M004;;OUI;1700
D605;M005;;OUI;1700
D605;M006;;OUI;1700
D605;M121;;;50
D605;M122;;;50
D605;M123;;;50
D605;M124;;;50
D605;M125;;;25
D605;M301;;;80
D605;M302;;;80
D605;M303;;;80
D605;M304;;;80
D605;M305;;;80
D605;M306;;;80
D605;M401;;;500
D605;M402;;;400
D605;M403;;OUI;100
D613;M000;;;0
D613;M001;Palplanche;OUI;800
D613;M002;Palplanche;OUI;800
D613;M003;Palplanche;OUI;800
D613;M004;Palplanche;OUI;800
D613;M005;;OUI;2600
D613;M006;;OUI;2600
D613;M010;Cellule_palplanche;;300
D613;M303;;;80
D613;M304;;;80
D613;M305;;;80
D613;M306;;;80
D613;M307;;;80
D613;M308;;;80
D613;M401;;OUI;800
D613;M402;;OUI;800
D614;M000;;;0
D614;M001;Palplanche;OUI;800
D614;M002;Palplanche;OUI;800
D614;M003;Palplanche;OUI;800
D614;M004;Palplanche;OUI;800
D614;M005;;OUI;3200
D614;M006;;OUI;3200
D614;M010;Palplanche;OUI;300
D614;M101;;;80
D614;M102;;;80
D614;M103;;;80
D614;M104;;;80
D614;M301;;;100
D614;M302;;;100
D614;M303;;;100
D614;M304;;;100
D614;M305;;;100
D614;M306;;;100
D614;M307;;;100
D614;M308;;;100
D625;M000;;;0
D625;M301;;;100
D625;M302;;;100
D625;M303;;;500
D625;M304;;;500
D625;M401;;;500
D625;M402;;;500
D625;M403;;;100
D625;M404;;;100
D625;M422;;OUI;1500
D632;M000;;;0
D632;M001;;OUI;1500
D632;M002;;OUI;1500
D632;M003;;OUI;1500
D632;M004;;OUI;1500
D632;M101;;;100
D632;M102;;;100
D632;M301;;;90
D632;M302;;;90
D632;M303;;;90
D632;M304;;;90
D632;M305;;;90
D632;M401;;;100
D632;M402;;;100
D632;M403;;;100
D304;C04;Plateforme_int;;9200
D304;C05;Plateforme_int;;9200
D304;C06;Plateforme_int;;9200
D094;C01;Cellule_C01;Cellule_Metal_Fond_plat;5200
D711;C01;Cellule_C01;Cellule_Metal_Fond_conique;180
D711;C02;Cellule_C02;Cellule_Metal_Fond_conique;180
D711;C03;Cellule_C03;Cellule_Metal_Fond_conique;180
D711;C04;Cellule_C04;Cellule_Metal_Fond_conique;180
D711;C05;Cellule_C05;Cellule_Metal_Fond_plat;40
D711;C06;Cellule_C06;Cellule_Metal_Fond_plat;35
D711;C07;Cellule_C07;Cellule_Metal_Fond_plat;40
D084;C01;Cellule_C01;Cellule_Metal_Fond_plat;250
D084;C02;Cellule_C02;Cellule_Metal_Fond_plat;250
D084;C03;Cellule_C03;Cellule_Metal_Fond_plat;250
D084;C04;Cellule_C04;Cellule_Metal_Fond_plat;250
D084;C05;Cellule_C05;Cellule_Metal_Fond_plat;250
D084;C06;Cellule_C06;Cellule_Metal_Fond_plat;250
D084;C07;Cellule_C07;Cellule_Metal_Fond_plat;250
D084;C08;Cellule_C08;Cellule_Metal_Fond_plat;250
D084;C09;Cellule_C09;Cellule_Metal_Fond_plat;250
D084;C10;Cellule_C10;Cellule_Metal_Fond_plat;250
D648;C01;Case_001;Plateforme_couverte;4500
